"id","practice_id","display_name","email","role"
"user-northside-01","practice-northside","Dr Alex Reyes","clinician.northside@example-clinic.invalid","clinician"
"user-northside-02","practice-northside","Sam Whitfield","nurse.northside@example-clinic.invalid","nurse"
"user-northside-03","practice-northside","Robin Achebe","admin.northside@example-clinic.invalid","admin"
"user-lakeshore-01","practice-lakeshore","Dr Alex Reyes","clinician.lakeshore@example-clinic.invalid","clinician"
"user-lakeshore-02","practice-lakeshore","Sam Whitfield","nurse.lakeshore@example-clinic.invalid","nurse"
"user-lakeshore-03","practice-lakeshore","Robin Achebe","admin.lakeshore@example-clinic.invalid","admin"
"user-summit-01","practice-summit","Dr Alex Reyes","clinician.summit@example-clinic.invalid","clinician"
"user-summit-02","practice-summit","Sam Whitfield","nurse.summit@example-clinic.invalid","nurse"
"user-summit-03","practice-summit","Robin Achebe","admin.summit@example-clinic.invalid","admin"
